ºñ¾Æ±×¶ó,µ·,½Ä·áÇ°,±¸µ¶Ãë¼Ò,ºÐ·ù
YES,YES,NO,YES,½ºÆÔ
YES,YES,NO,YES,½ºÆÔ
YES,YES,NO,YES,½ºÆÔ
YES,YES,NO,YES,½ºÆÔ
NO,YES,NO,YES,½ºÆÔ
NO,YES,NO,YES,½ºÆÔ
NO,YES,NO,YES,½ºÆÔ
NO,YES,NO,YES,½ºÆÔ
NO,YES,NO,YES,½ºÆÔ
NO,YES,NO,YES,½ºÆÔ
NO,NO,NO,YES,½ºÆÔ
NO,NO,NO,YES,½ºÆÔ
NO,NO,NO,NO,½ºÆÔ
NO,NO,NO,NO,½ºÆÔ
NO,NO,NO,NO,½ºÆÔ
NO,NO,NO,NO,½ºÆÔ
NO,NO,NO,NO,½ºÆÔ
NO,NO,NO,NO,½ºÆÔ
NO,NO,NO,NO,½ºÆÔ
NO,NO,NO,NO,½ºÆÔ
YES,NO,YES,YES,ÇÜ
NO,YES,YES,YES,ÇÜ
NO,YES,YES,YES,ÇÜ
NO,YES,YES,YES,ÇÜ
NO,YES,YES,YES,ÇÜ
NO,YES,YES,YES,ÇÜ
NO,YES,YES,YES,ÇÜ
NO,YES,YES,YES,ÇÜ
NO,YES,,YES,ÇÜ
NO,YES,NO,YES,ÇÜ
NO,YES,NO,YES,ÇÜ
NO,YES,NO,YES,ÇÜ
NO,YES,NO,YES,ÇÜ
NO,YES,NO,YES,ÇÜ
NO,YES,NO,YES,ÇÜ
NO,NO,NO,YES,ÇÜ
NO,NO,NO,YES,ÇÜ
NO,NO,NO,YES,ÇÜ
NO,NO,NO,YES,ÇÜ
NO,NO,NO,YES,ÇÜ
NO,NO,NO,YES,ÇÜ
NO,NO,NO,YES,ÇÜ
NO,NO,NO,YES,ÇÜ
NO,NO,NO,NO,ÇÜ
NO,NO,NO,NO,ÇÜ
NO,NO,NO,NO,ÇÜ
NO,NO,NO,NO,ÇÜ
NO,NO,NO,NO,ÇÜ
NO,NO,NO,NO,ÇÜ
NO,NO,NO,NO,ÇÜ
NO,NO,NO,NO,ÇÜ
NO,NO,NO,NO,ÇÜ
NO,NO,NO,NO,ÇÜ
NO,NO,NO,NO,ÇÜ
NO,NO,NO,NO,ÇÜ
NO,NO,NO,NO,ÇÜ
NO,NO,NO,NO,ÇÜ
NO,NO,NO,NO,ÇÜ
NO,NO,NO,NO,ÇÜ
NO,NO,NO,NO,ÇÜ
NO,NO,NO,NO,ÇÜ
NO,NO,NO,NO,ÇÜ
NO,NO,NO,NO,ÇÜ
NO,NO,NO,NO,ÇÜ
NO,NO,NO,NO,ÇÜ
NO,NO,NO,NO,ÇÜ
NO,NO,NO,NO,ÇÜ
NO,NO,NO,NO,ÇÜ
NO,NO,NO,NO,ÇÜ
NO,NO,NO,NO,ÇÜ
NO,NO,NO,NO,ÇÜ
NO,NO,NO,NO,ÇÜ
NO,NO,NO,NO,ÇÜ
NO,NO,NO,NO,ÇÜ
NO,NO,NO,NO,ÇÜ
NO,NO,NO,NO,ÇÜ
NO,NO,NO,NO,ÇÜ
NO,NO,NO,NO,ÇÜ
NO,NO,NO,NO,ÇÜ
NO,NO,NO,NO,ÇÜ
NO,NO,NO,NO,ÇÜ
NO,NO,NO,NO,ÇÜ
NO,NO,NO,NO,ÇÜ
NO,NO,NO,NO,ÇÜ
NO,NO,NO,NO,ÇÜ
NO,NO,NO,NO,ÇÜ
NO,NO,NO,NO,ÇÜ
NO,NO,NO,NO,ÇÜ
NO,NO,NO,NO,ÇÜ
NO,NO,NO,NO,ÇÜ
NO,NO,NO,NO,ÇÜ
NO,NO,NO,NO,ÇÜ
NO,NO,NO,NO,ÇÜ
NO,NO,NO,NO,ÇÜ
NO,NO,NO,NO,ÇÜ
NO,NO,NO,NO,ÇÜ
NO,NO,NO,NO,ÇÜ
NO,NO,NO,NO,ÇÜ
NO,NO,NO,NO,ÇÜ
NO,NO,NO,NO,ÇÜ